ID de Usuario,Nombre,Correo Electrónico,Teléfono,Fecha de Registro
97318ac0-517e-4ad6-a761-833c710464be,Ashley Garcia,jenniferwilliams@ward-brown.com,9415710041,02/12/23
04421f36-fee8-4a6e-bfc3-c8f32d8a8f34,Mary Joseph,vcole@choi-robinson.com,9670692271,03/04/21
9fcfb142-abf1-459d-9020-ec88f0eb3396,Andrew Nielsen,james26@yahoo.com,9090899561,24/03/21
cd5e9922-70c2-4360-83be-b0d3a774808c,Wendy Patel,uhall@arnold-bonilla.com,9339961298,26/03/22
4b21e8a8-c0d6-40ad-9aeb-68f58ca76a22,Joshua Cook,ndonaldson@hotmail.com,9974353066,29/04/22
216978f1-9c85-4c03-a6d7-057aa9657001,Sharon Smith,kelsey10@yahoo.com,9302332863,14/10/23
f9b9dd49-503f-4bb1-a358-56f1ba96ed43,Michael Hernandez,christina33@chavez-martinez.info,9889371989,05/03/20
a42e98dd-afd3-44a4-8c39-36f74e535c0c,Denise Terrell,davisheidi@yahoo.com,9356723124,31/03/23
b810156d-bf1f-4f84-9a6d-b31668736e7b,Latoya Parsons,charleslee@hotmail.com,9543664153,28/07/22
9f63f087-f575-495d-90b0-92ea3f6676a5,Lisa Foster,janicemclean@gmail.com,9387733694,03/11/23
f47e7317-ffdf-4611-a811-76a96ffbbadf,Robert Moore,brennankenneth@weeks-mason.com,9800959947,03/07/20
692216ea-9046-4e94-84d3-643d87d26b62,Charles Williams,lucasalicia@yahoo.com,9340703783,20/02/22
cbda0b06-42c0-4e1d-bf0c-705fdcd92cc5,Mr. Joseph Hernandez DDS,andradeerica@gmail.com,9514527652,21/10/21
bb4ec135-1614-4c6b-bc65-d963e9afdd2e,Adam Hayden,courtneyfox@perez-luna.biz,9075920067,09/12/21
d703d583-8e25-47b4-8879-28892b2ac7ca,Carl Fuentes,brandon87@yahoo.com,9787768055,21/03/23
bb639ae0-a7f1-4848-8164-cb10cf8070b4,Veronica Williams,corey22@hotmail.com,9899708112,27/07/20
f738fc4d-9c18-4cd0-97ee-32ff89d65672,Erica Myers,ikidd@hotmail.com,9607078075,07/02/24
b06550c9-970c-4674-9b0d-a80d5fdfa7a6,Kathy Duncan,joseph90@obrien.com,9259839947,02/07/23
807c8593-0c2e-499f-b3be-dbad2fa24b1a,Michelle Murphy,christopher98@gmail.com,9103442999,20/02/20
1ab72cc6-daeb-4a88-b8b9-75986e07e1e6,Christina Hughes,evan42@figueroa.com,9026334677,10/10/20
459d68ae-dc11-49be-9be1-43ec849f50aa,Brenda Thompson,joshua61@ross.com,9061408994,07/09/21
5cf35f75-5d7f-4399-8f84-9b2be3c30037,Ethan Warren,crussell@yahoo.com,9734397312,31/07/24
ad480e4d-dc0c-4925-a2ef-5a7a7ecc7fb7,Nicole West,hcollins@patel.info,9961748378,21/10/22
f206069a-8601-4602-b2df-9fc9e0432216,David Carroll,erinday@carr.biz,9272773695,28/02/22
33a4d79d-d409-45a0-81e5-44eecd203af0,Kimberly Weaver,fkeith@mendoza.com,9373841270,29/06/24
dc1037f1-399e-4e44-a28f-56a013c06e92,Cynthia Gonzales,rossmicheal@rivera.biz,9487449735,05/11/21
a82300f0-2a33-47f7-8898-03cc8a564c15,Carla Sanchez,ikline@lyons.info,9956257814,15/10/21
94082cab-c7e9-42e0-a65c-c12bffcfa3c0,Sean Johnson,brian52@yahoo.com,9761677943,27/11/20
d3d80476-978c-4972-b5c5-8c7db69e290d,Robert Lindsey,pgonzalez@gmail.com,9437804773,24/08/20
a77602f4-6aef-43d0-8958-a84bf7b50abb,Heather Simpson,eduardo58@campbell-hopkins.com,9633187641,26/04/21
fafd8061-348b-474d-b878-c09bb8908829,Brenda Espinoza,cynthia67@smith.info,9830473188,06/04/22
dc906a4c-1916-4e33-a380-86175573ea04,Jackson Wilson,qwilson@hughes.com,9554798682,10/05/22
9a4e3778-3d7c-4bcd-8091-4530aa4a432c,Elizabeth Diaz,klewis@gmail.com,9446760802,16/04/22
6903836c-4d35-4f3c-92ff-387fcf9d88a5,Elizabeth Wyatt,jasonthompson@gmail.com,9474174018,12/08/21
4875b99b-b51f-478d-bd67-271144fa15c4,Elizabeth Scott,stephenlane@skinner.com,9782072834,26/11/21
8e3f93ac-7644-49b0-a861-4d01b4d99504,Brandi Aguilar,smithsteven@murray.com,9718436222,05/05/20
e9eda024-ca9a-4256-ba1b-80e4bd68ef50,Robert Harris,paul00@nelson.biz,9072779805,18/06/20
22163ec1-7280-456a-884a-7ddbf94a1688,Janice Bishop,wudavid@baxter-rice.com,9760232397,21/05/24
bdde0808-7679-4a4d-a370-3870e6b327b1,Stacy Johnston DDS,santiagodylan@gmail.com,9640552630,14/05/22
4934e549-1530-4501-8f65-19aa905c18e1,Scott Johnson,tammiebrown@hotmail.com,9041958424,04/05/24
f9aba6f9-3021-4adf-aae1-6982b8d3acc4,Kenneth Bailey,eric88@yahoo.com,9829907703,25/04/22
e372481f-0d5b-4be5-a6fb-c7f3da528f93,Sarah Cummings,george14@graves-shaffer.com,9095077507,10/09/21
80b429ee-6430-4169-ab93-7212cea36c70,Evelyn White,kmunoz@gutierrez-waller.biz,9934084261,06/09/22
8cc80ff1-61fc-4fca-8652-855e28fa3ee6,Jeffrey Pena,laura15@nguyen.org,9538182299,22/11/20
54c93e64-76f6-4c28-b0d4-ca5c5c08f005,Kevin Hurst,william12@yahoo.com,9167652275,25/01/23
0328ad49-d8a7-422e-a14b-5f1fa07dfde5,Devin Andrade,michellefaulkner@mejia.biz,9865934082,18/09/21
95757f59-2349-48c1-b4c3-0a5e93a43849,Beth Roberson,garcianicholas@carter.com,9110973705,08/11/23
e79ba184-05a4-4b5b-a876-3bd8a1f4e4a1,Mike Evans,joseph35@gmail.com,9991499526,22/11/22
db8fce69-8e24-45ee-bb74-b298d07a0748,Julie Rodriguez,staceycurtis@williams.com,9505388014,30/03/22
1bb25c6d-f363-484b-8a9a-f1145a3e4552,Bruce Sanchez,zspence@gmail.com,9280690477,17/09/22
6b732950-9f17-45d4-bcc5-1e5096376504,Anna Sherman,carlamorrow@robertson.net,9572520328,25/11/21
fbe606ed-cd0c-496f-911c-49c00b5f3c8b,Maria Key,jharris@hotmail.com,9414360319,05/03/20
47d8e101-4487-4681-a68e-c5f308357c99,Jamie Roberts,manuelcunningham@gmail.com,9860313425,30/10/23
d4f7847c-633e-476a-a913-0751af6acac7,Nicholas Harris,stephaniebuckley@moss-buckley.com,9471850581,08/08/22
ab8b3a69-2506-465b-ad1b-85cd460e754d,Jillian Jackson,rodriguezangie@hotmail.com,9728403919,20/05/24
ba3b1e8d-1d51-4ee8-8b19-a42d40db3825,Patrick Mitchell,denise52@gmail.com,9434423817,25/07/22
328ba8b4-09ff-4df1-9d5d-2f5f4528e515,Katherine Sanchez,bryankemp@yahoo.com,9783174497,26/07/20
270e9bfb-a78b-4392-93f4-30a71b6d78f7,Christopher Harrison,mreeves@williams-andrews.com,9980989803,25/07/21
c80f8f16-f942-40b3-b096-aebac26b92c6,Daniel Castro,btaylor@hotmail.com,9763747917,18/09/22
73d3383a-4e8b-4d73-8e0a-64813ceb9558,James Knight,lcarpenter@webb-vargas.biz,9898388591,16/11/21
3fc0cdd3-8835-4319-83d4-290ed1162263,Rebecca Larsen,stephaniekim@rogers.info,9224785610,02/11/21
897932cc-13e8-4623-85f1-c0c3b7978917,Nicholas Wilson,garciastacy@yahoo.com,9787918100,31/05/22
fa1b8331-d785-49d1-b8a3-7df4112925c0,Ms. Ashley Bauer DVM,jennifer41@hotmail.com,9959973499,02/11/21
af795232-2f5d-409d-a08c-c93716b30e47,Brian Hayes,erin28@ross.info,9075633428,12/12/21
7dd080ca-d701-400b-b136-c66a6d106e5a,Maurice Perez,kirbymichael@hotmail.com,9514946786,06/06/20
fd36ae54-7a80-407d-beb3-6c45b273e25f,Melanie Jones,raymondanderson@yahoo.com,9855066719,20/03/23
68ac25c1-0a24-4f25-ab9c-8db4880615f3,Devon Padilla,josehobbs@guerra-bowman.biz,9934786308,10/06/22
bbc470be-ca87-40b5-b83e-1bab1919a9d2,Daniel Ramirez,sarah34@hotmail.com,9493679193,26/10/22
3afdcdf8-9eae-4806-9ea8-48e39fa7e3fb,Scott Moore,judithbradley@guerra.com,9908728819,02/10/22
bfe4db79-f08d-4f5e-ba81-f0fcc3e4b8a1,Michelle Romero,ddorsey@welch-richardson.com,9944933360,13/12/23
af1bbfa4-f1f0-49b1-9556-375c1a82f875,Karen Campos,kristenrodriguez@winters.info,9019325548,28/05/22
466154c0-4492-48cc-b7b2-ee5d10353854,Tonya Alexander,toni20@gmail.com,9796036126,27/07/24
c59515fb-d5ee-4a1b-93ec-6f398cbf6a0d,Albert Johnson,summertucker@gmail.com,9621115566,25/12/23
fd6b3608-a8b5-45e8-b70d-d795519b8a7a,Christopher Shepard,hectorlewis@yahoo.com,9964326350,09/02/23
a850c376-b9d2-4d61-bf78-3af4bb2e7f84,Julia Glover,kristenholmes@gmail.com,9752125379,15/11/22
dad5e1eb-8dbe-469c-9632-15ed4debc6e3,Steven Murphy,frankflores@yahoo.com,9289378030,25/03/21
797295bf-9f67-408a-a2e0-08ce6e14c3b9,Robert James III,laura71@cherry.com,9092021807,13/08/20
21ac2ec4-f68a-4933-ad60-5e7bd91e819d,Tammy Simpson,thompsonandrew@tucker.net,9420184334,11/04/21
9f782135-906c-477d-b0d3-0295bc6993cd,Kevin Fleming,albert80@gmail.com,9180191329,18/09/21
d79484e9-b388-469b-b181-38ba003c8f36,Bruce Reyes,lisawilson@hotmail.com,9196147307,27/10/20
00b6ce27-b31a-41fb-a44b-b4a9e4345c62,Shannon Mclaughlin,johnrodriguez@wade-hawkins.net,9680117976,20/11/20
d6d485d7-ee8c-4c7c-95e6-d964bd17f765,Amanda Hicks,ohardy@gmail.com,9454837501,08/06/24
ad4f9577-08d0-4533-8b06-4c41fecc3505,Kimberly Oconnell,rileyangela@lee-martinez.com,9768248403,04/02/23
b1a6d369-2006-4805-a25f-eab5c6928066,Jessica Madden,joshuamclean@shelton.com,9707626115,22/08/20
fc7b1b4f-aa35-45ae-a61f-6e0925d5898c,Keith Martin,sheenavaughan@brown.com,9830684545,24/06/22
988bf0ec-af7d-4fe0-bdbb-0b622b85c07f,Tracy Baldwin,qlee@hotmail.com,9871629095,04/09/21
01af6665-3a9d-4636-adba-96eeba712604,Stephen Jones,leejessica@hicks.com,9722541862,03/08/24
c3458284-f8e4-4f3e-b33c-755924b5542b,Kayla King,druiz@yahoo.com,9516730534,01/02/23
b25c1689-5978-4344-8f2c-61af636e4b68,Melissa Johnson,thomasreyes@burnett.com,9344081844,26/11/23
e8775b51-55f5-4582-ae33-051746659fe5,Kayla Johnson,egordon@hotmail.com,9399470315,13/03/23
73c37f06-034f-4600-90ae-7586ddaf2e83,Shannon Walsh,zdaniels@yahoo.com,9530866303,01/10/20
2d6a0c9b-8745-44a8-bb22-be98bcee37c8,Brent Estrada,bgarcia@levine-anderson.info,9245321180,12/03/21
87cccafc-c7c1-4b95-a961-5ebb777ae0d3,Amber Armstrong,roger86@hotmail.com,9210881456,06/05/21
31282008-27a9-4515-9818-d3f14a7e3d89,Patricia Roy,xwhite@lawrence-stewart.net,9530395246,30/04/20
9b434216-de66-499e-9a62-152c6340e74e,Steven Thompson,gonzalezamy@yahoo.com,9929084988,12/10/20
6b75d26e-b4fe-4697-8044-aa9b2402f261,Joseph Lambert,gutierrezheather@trujillo.net,9631799678,18/02/20
e1998c09-83ba-4e1c-a281-4befcd8983f3,Melinda Rogers,lisabates@hotmail.com,9190379060,10/07/23
5b9b9dea-b702-4367-91a9-54383c79ec7e,Steven Hanson,yangalison@christensen-williams.com,9175330467,05/09/21
813fa320-f7b3-4dc2-8e42-ad7fb2be9fdb,Christopher Jacobs,lroth@hotmail.com,9603240521,21/06/22
cba63fcf-a913-48e2-be09-77a9c4237c91,Lori Peterson,sean63@gmail.com,9591837291,20/11/22